{"cameraMode":{"drawMode":0,"name":"Shaded","section":"Shading Mode"},"sceneLighting":true,"audioPlay":false,"sceneViewState":{"showFog":true,"showMaterialUpdate":false,"showSkybox":true,"showFlares":true,"showImageEffects":true,"showParticleSystems":true},"in2DMode":false,"pivot":{"x":1.8801403045654297,"y":1.6583218574523926,"z":2.4245240688323976},"rotation":{"x":0.1180233508348465,"y":0.8763141632080078,"z":-0.27281421422958376,"w":0.3791046142578125},"size":4.7823286056518559,"orthographic":false}