{"cameraMode":{"drawMode":0,"name":"Shaded","section":"Shading Mode"},"sceneLighting":true,"audioPlay":false,"sceneViewState":{"showFog":true,"showMaterialUpdate":false,"showSkybox":true,"showFlares":true,"showImageEffects":true,"showParticleSystems":true},"in2DMode":false,"pivot":{"x":-1.3470605611801148,"y":5.168548583984375,"z":6.604015350341797},"rotation":{"x":-0.4114985764026642,"y":-0.4435858726501465,"z":0.2405003160238266,"w":-0.758990466594696},"size":3.2003133296966554,"orthographic":false}